Mouse_ID,Day_4,Day_6
092,6.419462347183372,10.692224616431364
097,0.3610873167903113,1.9158107252185732
