Mouse_ID,Day_4,Day_6
092,3.689885798822566,6.1552903186136465
097,0.40944931616737273,1.7329890212823678
