Mouse_ID,Day_4,Day_6
092,2.127885467577221,3.5756665797684186
097,0.12124611997578894,0.637775277589006
